Workbook

Sheet Read Me
A1: Annual-Fee ROI Calculator
A2: How to use this template
A3: Travel & Finance · travelfinancetips.com
B5: What this does
B6: Tells you—per card—whether the perks & credits you ACTUALLY use outweigh the annual fee, so you keep the winners and cancel/downgrade the losers before the next fee posts.
B7: How to use it (2 minutes per card)
B8: 1. Go to the 'Fee ROI' tab. Replace the example rows with YOUR cards.
B9: 2. Enter the annual fee, then the DOLLAR value of each credit/perk you truly used this year (be honest—count only what you'd have spent anyway).
B10: 3. Add the cash value of the points/cashback you earned on the card.
B11: 4. Read the Verdict column: ✅ KEEP, ⚠️ BORDERLINE, or ❌ RECONSIDER (downgrade or product-change).
B12: Rule of thumb: value only the credits you'd spend regardless. A $200 'travel credit' you had to manufacture spend for is worth less than $200 to you.
B13: Before you cancel
B14: Call the issuer and ask for a retention offer, or product-change to a no-fee version to keep your account age & credit line. Never cancel your oldest card.
B15: Educational tool, not financial advice. Verify each card's current terms with the issuer. © Travel & Finance · travelfinancetips.com

Sheet Summary
A1: Your Annual-Fee Scorecard
A2: Updates as you fill in the Fee ROI tab.
A3: Travel & Finance · travelfinancetips.com
B5: Cards entered | C5: =COUNTA('Fee ROI'!A6:A17) -> 4
B6: Total annual fees | C6: ='Fee ROI'!B18 -> 1794
B7: Total value you actually use | C7: ='Fee ROI'!J18 -> 3318
B8: Net value (value − fees) | C8: ='Fee ROI'!K18 -> 1524
B9: Cards worth keeping | C9: =COUNTIF('Fee ROI'!L6:L17,"*KEEP*") -> 3
B10: Borderline | C10: =COUNTIF('Fee ROI'!L6:L17,"*BORDERLINE*") -> 1
B11: Reconsider / downgrade | C11: =COUNTIF('Fee ROI'!L6:L17,"*RECONSIDER*") -> 0
B12: Best card (highest net value) | C12: =IF(COUNTA('Fee ROI'!A6:A17)=0,"—",INDEX('Fee ROI'!A6:A17,MATCH(MAX('Fee ROI'!K6:K17),'Fee ROI'!K6:K17,0))) -> Premium Travel (Plat-tier)
B13: Weakest card (lowest net value) | C13: =IF(COUNTA('Fee ROI'!A6:A17)=0,"—",INDEX('Fee ROI'!A6:A17,MATCH(MIN('Fee ROI'!K6:K17),'Fee ROI'!K6:K17,0))) -> Airline Card (low use)
B15: Count only credits you would have spent anyway. A credit you never use is worth $0.

Sheet Fee ROI
A1: Annual-Fee ROI Calculator
A2: Enter each card once a year — keep the winners, cut the losers.
A3: Travel & Finance · travelfinancetips.com
A5: Card Name | B5: Annual Fee | C5: Travel/ Airline Credit | D5: Dining/ Food Credit | E5: Statement/ Shop Credits | F5: Free Night / Anniversary | G5: Lounge Value | H5: Other Perks | I5: Points/CB Value ($/yr) | J5: Total Value Captured | K5: Net Value (Value − Fee) | L5: Verdict | M5: ROI %
A6: Premium Travel (Plat-tier) | B6: 895 | C6: 200 | D6: 324 | E6: 240 | F6: 0 | G6: 469 | H6: 300 | I6: 250 | J6: =IF(A6="","",SUM(C6:I6)) -> 1783 | K6: =IF(A6="","",J6-B6) -> 888 | L6: =IF(A6="","",IF(K6>=0,"✅ KEEP",IF(K6>=-50,"⚠️ BORDERLINE","❌ RECONSIDER"))) -> ✅ KEEP | M6: =IF(A6="","",IF(B6=0,"—",K6/B6)) -> 0.99217877
A7: Mid Travel (Sapphire-tier) | B7: 550 | C7: 300 | D7: 0 | E7: 0 | F7: 0 | G7: 300 | H7: 100 | I7: 420 | J7: =IF(A7="","",SUM(C7:I7)) -> 1120 | K7: =IF(A7="","",J7-B7) -> 570 | L7: =IF(A7="","",IF(K7>=0,"✅ KEEP",IF(K7>=-50,"⚠️ BORDERLINE","❌ RECONSIDER"))) -> ✅ KEEP | M7: =IF(A7="","",IF(B7=0,"—",K7/B7)) -> 1.0363636
A8: Hotel Card (w/ Free Night) | B8: 250 | C8: 0 | D8: 0 | E8: 0 | F8: 200 | G8: 0 | H8: 60 | I8: 90 | J8: =IF(A8="","",SUM(C8:I8)) -> 350 | K8: =IF(A8="","",J8-B8) -> 100 | L8: =IF(A8="","",IF(K8>=0,"✅ KEEP",IF(K8>=-50,"⚠️ BORDERLINE","❌ RECONSIDER"))) -> ✅ KEEP | M8: =IF(A8="","",IF(B8=0,"—",K8/B8)) -> 0.4
A9: Airline Card (low use) | B9: 99 | C9: 0 | D9: 0 | E9: 0 | F9: 0 | G9: 0 | H9: 25 | I9: 40 | J9: =IF(A9="","",SUM(C9:I9)) -> 65 | K9: =IF(A9="","",J9-B9) -> -34 | L9: =IF(A9="","",IF(K9>=0,"✅ KEEP",IF(K9>=-50,"⚠️ BORDERLINE","❌ RECONSIDER"))) -> ⚠️ BORDERLINE | M9: =IF(A9="","",IF(B9=0,"—",K9/B9)) -> -0.34343434
J10: =IF(A10="","",SUM(C10:I10)) | K10: =IF(A10="","",J10-B10) | L10: =IF(A10="","",IF(K10>=0,"✅ KEEP",IF(K10>=-50,"⚠️ BORDERLINE","❌ RECONSIDER"))) | M10: =IF(A10="","",IF(B10=0,"—",K10/B10))
J11: =IF(A11="","",SUM(C11:I11)) | K11: =IF(A11="","",J11-B11) | L11: =IF(A11="","",IF(K11>=0,"✅ KEEP",IF(K11>=-50,"⚠️ BORDERLINE","❌ RECONSIDER"))) | M11: =IF(A11="","",IF(B11=0,"—",K11/B11))
J12: =IF(A12="","",SUM(C12:I12)) | K12: =IF(A12="","",J12-B12) | L12: =IF(A12="","",IF(K12>=0,"✅ KEEP",IF(K12>=-50,"⚠️ BORDERLINE","❌ RECONSIDER"))) | M12: =IF(A12="","",IF(B12=0,"—",K12/B12))
J13: =IF(A13="","",SUM(C13:I13)) | K13: =IF(A13="","",J13-B13) | L13: =IF(A13="","",IF(K13>=0,"✅ KEEP",IF(K13>=-50,"⚠️ BORDERLINE","❌ RECONSIDER"))) | M13: =IF(A13="","",IF(B13=0,"—",K13/B13))
J14: =IF(A14="","",SUM(C14:I14)) | K14: =IF(A14="","",J14-B14) | L14: =IF(A14="","",IF(K14>=0,"✅ KEEP",IF(K14>=-50,"⚠️ BORDERLINE","❌ RECONSIDER"))) | M14: =IF(A14="","",IF(B14=0,"—",K14/B14))
J15: =IF(A15="","",SUM(C15:I15)) | K15: =IF(A15="","",J15-B15) | L15: =IF(A15="","",IF(K15>=0,"✅ KEEP",IF(K15>=-50,"⚠️ BORDERLINE","❌ RECONSIDER"))) | M15: =IF(A15="","",IF(B15=0,"—",K15/B15))
J16: =IF(A16="","",SUM(C16:I16)) | K16: =IF(A16="","",J16-B16) | L16: =IF(A16="","",IF(K16>=0,"✅ KEEP",IF(K16>=-50,"⚠️ BORDERLINE","❌ RECONSIDER"))) | M16: =IF(A16="","",IF(B16=0,"—",K16/B16))
J17: =IF(A17="","",SUM(C17:I17)) | K17: =IF(A17="","",J17-B17) | L17: =IF(A17="","",IF(K17>=0,"✅ KEEP",IF(K17>=-50,"⚠️ BORDERLINE","❌ RECONSIDER"))) | M17: =IF(A17="","",IF(B17=0,"—",K17/B17))
A18: PORTFOLIO TOTAL | B18: =SUM(B6:B17) -> 1794 | J18: =SUM(J6:J17) -> 3318 | K18: =SUM(K6:K17) -> 1524
