Workbook

Sheet Read Me
A1: How to use this template
A2: Start here — 2-minute setup.
A3: Travel & Finance · travelfinancetips.com — Educational only, not financial advice.
B5: Credit Card Command Center
B6: One dashboard for every card you hold — fees, credits used vs. left, renewal months, points value, and a rolling 5/24 count.
B8: How to use it
B9: 1. Go to the 'Cards' tab. Replace the 3 sample rows with your own cards (or delete them and start fresh).
B10: 2. Fill white cells only: card name, issuer, annual fee, the month the fee posts, the date you opened it, your points balance & a rough value per point, and your annual credits (total offered + how much you've used).
B11: 3. Shaded columns calculate automatically — Est. Value, Credits Left, and a KEEP / REVIEW verdict per card.
B12: 4. The totals under the table (and the Summary tab) add up your annual fees, points value, unused credits, and your 5/24 count (cards opened in the last 24 months). Most business cards don't count toward 5/24, so leave their Date Opened blank.
B14: Reading the verdict
B15: KEEP = the credits you actually use already cover the annual fee on their own. REVIEW = they don't, so the card has to earn the rest through spending. Run it through the Annual-Fee ROI Calculator with the points you earned this year (not your whole balance) before the fee posts.
B17: Works in Excel, Google Sheets and Numbers. Google Sheets: upload to Drive, then Open with → Google Sheets.
B18: Educational only, not financial advice. Need a new card? See travelfinancetips.com.

Sheet Summary
A1: Your Wallet at a Glance
A2: Updates as you fill in the Cards tab.
A3: Travel & Finance · travelfinancetips.com
B5: Cards tracked | C5: =COUNTA(Cards!A6:A30) -> 3
B6: Total annual fees | C6: =SUM(Cards!C6:C30) -> 990
B7: Points value across all cards | C7: =SUM(Cards!H6:H30) -> 1950
B8: Credits still unused this year | C8: =SUM(Cards!K6:K30) -> 164
B9: Cards to KEEP | C9: =COUNTIF(Cards!L6:L30,"KEEP") -> 2
B10: Cards to REVIEW | C10: =COUNTIF(Cards!L6:L30,"REVIEW") -> 1
B11: Fees due this month | C11: =SUMIF(Cards!D6:D30,CHOOSE(MONTH(TODAY()),"Jan","Feb","Mar","Apr","May","Jun","Jul","Aug","Sep","Oct","Nov","Dec"),Cards!C6:C30) -> 0
B12: Fees due next month | C12: =SUMIF(Cards!D6:D30,CHOOSE(MONTH(EDATE(TODAY(),1)),"Jan","Feb","Mar","Apr","May","Jun","Jul","Aug","Sep","Oct","Nov","Dec"),Cards!C6:C30) -> 0
B13: Your 5/24 count | C13: =Cards!D35 -> 1
B15: Unused credits are money left on the table. Use them before the fee posts, or ask about a downgrade.

Sheet Cards
A1: Credit Card Command Center
A2: Enter each card once. Shaded columns calculate for you.
A3: Travel & Finance · travelfinancetips.com — Educational only, not financial advice.
A5: Card Name | B5: Issuer | C5: Annual Fee ($) | D5: Fee Due Month | E5: Date Opened | F5: Points Balance | G5: Value per pt (¢) | H5: Est. Points Value ($) | I5: Credits Offered ($) | J5: Credits Used ($) | K5: Credits Left ($) | L5: Keep Verdict | M5: Status | N5: Notes
A6: Premium Travel (Plat-type) | B6: Amex | C6: 895 | D6: Feb | E6: 45361 | F6: 120000 | G6: 1.1 | H6: =IF(A6="","",IF(OR(F6="",G6=""),0,F6*G6/100)) -> 1320 | I6: 764 | J6: 600 | K6: =IF(A6="","",IF(I6="",0,I6)-IF(J6="",0,J6)) -> 164 | L6: =IF(A6="","",IF(IF(J6="",0,J6)>=IF(C6="",0,C6),"KEEP","REVIEW")) -> REVIEW | M6: Active | N6: Uses airline + hotel credits
A7: Everyday 2x (no fee) | B7: Citi | E7: 45139 | F7: 45000 | G7: 1 | H7: =IF(A7="","",IF(OR(F7="",G7=""),0,F7*G7/100)) -> 450 | I7: 0 | J7: 0 | K7: =IF(A7="","",IF(I7="",0,I7)-IF(J7="",0,J7)) -> 0 | L7: =IF(A7="","",IF(IF(J7="",0,J7)>=IF(C7="",0,C7),"KEEP","REVIEW")) -> KEEP | M7: Active | N7: Base earn card
A8: Hotel Free-Night | B8: Chase | C8: 95 | D8: Jun | E8: 45672 | F8: 30000 | G8: 0.6 | H8: =IF(A8="","",IF(OR(F8="",G8=""),0,F8*G8/100)) -> 180 | I8: 150 | J8: 150 | K8: =IF(A8="","",IF(I8="",0,I8)-IF(J8="",0,J8)) -> 0 | L8: =IF(A8="","",IF(IF(J8="",0,J8)>=IF(C8="",0,C8),"KEEP","REVIEW")) -> KEEP | M8: Sock-drawer | N8: Free night = $150 credit
H9: =IF(A9="","",IF(OR(F9="",G9=""),0,F9*G9/100)) | K9: =IF(A9="","",IF(I9="",0,I9)-IF(J9="",0,J9)) | L9: =IF(A9="","",IF(IF(J9="",0,J9)>=IF(C9="",0,C9),"KEEP","REVIEW"))
H10: =IF(A10="","",IF(OR(F10="",G10=""),0,F10*G10/100)) | K10: =IF(A10="","",IF(I10="",0,I10)-IF(J10="",0,J10)) | L10: =IF(A10="","",IF(IF(J10="",0,J10)>=IF(C10="",0,C10),"KEEP","REVIEW"))
H11: =IF(A11="","",IF(OR(F11="",G11=""),0,F11*G11/100)) | K11: =IF(A11="","",IF(I11="",0,I11)-IF(J11="",0,J11)) | L11: =IF(A11="","",IF(IF(J11="",0,J11)>=IF(C11="",0,C11),"KEEP","REVIEW"))
H12: =IF(A12="","",IF(OR(F12="",G12=""),0,F12*G12/100)) | K12: =IF(A12="","",IF(I12="",0,I12)-IF(J12="",0,J12)) | L12: =IF(A12="","",IF(IF(J12="",0,J12)>=IF(C12="",0,C12),"KEEP","REVIEW"))
H13: =IF(A13="","",IF(OR(F13="",G13=""),0,F13*G13/100)) | K13: =IF(A13="","",IF(I13="",0,I13)-IF(J13="",0,J13)) | L13: =IF(A13="","",IF(IF(J13="",0,J13)>=IF(C13="",0,C13),"KEEP","REVIEW"))
H14: =IF(A14="","",IF(OR(F14="",G14=""),0,F14*G14/100)) | K14: =IF(A14="","",IF(I14="",0,I14)-IF(J14="",0,J14)) | L14: =IF(A14="","",IF(IF(J14="",0,J14)>=IF(C14="",0,C14),"KEEP","REVIEW"))
H15: =IF(A15="","",IF(OR(F15="",G15=""),0,F15*G15/100)) | K15: =IF(A15="","",IF(I15="",0,I15)-IF(J15="",0,J15)) | L15: =IF(A15="","",IF(IF(J15="",0,J15)>=IF(C15="",0,C15),"KEEP","REVIEW"))
H16: =IF(A16="","",IF(OR(F16="",G16=""),0,F16*G16/100)) | K16: =IF(A16="","",IF(I16="",0,I16)-IF(J16="",0,J16)) | L16: =IF(A16="","",IF(IF(J16="",0,J16)>=IF(C16="",0,C16),"KEEP","REVIEW"))
H17: =IF(A17="","",IF(OR(F17="",G17=""),0,F17*G17/100)) | K17: =IF(A17="","",IF(I17="",0,I17)-IF(J17="",0,J17)) | L17: =IF(A17="","",IF(IF(J17="",0,J17)>=IF(C17="",0,C17),"KEEP","REVIEW"))
H18: =IF(A18="","",IF(OR(F18="",G18=""),0,F18*G18/100)) | K18: =IF(A18="","",IF(I18="",0,I18)-IF(J18="",0,J18)) | L18: =IF(A18="","",IF(IF(J18="",0,J18)>=IF(C18="",0,C18),"KEEP","REVIEW"))
H19: =IF(A19="","",IF(OR(F19="",G19=""),0,F19*G19/100)) | K19: =IF(A19="","",IF(I19="",0,I19)-IF(J19="",0,J19)) | L19: =IF(A19="","",IF(IF(J19="",0,J19)>=IF(C19="",0,C19),"KEEP","REVIEW"))
H20: =IF(A20="","",IF(OR(F20="",G20=""),0,F20*G20/100)) | K20: =IF(A20="","",IF(I20="",0,I20)-IF(J20="",0,J20)) | L20: =IF(A20="","",IF(IF(J20="",0,J20)>=IF(C20="",0,C20),"KEEP","REVIEW"))
... H30: =IF(A30="","",IF(OR(F30="",G30=""),0,F30*G30/100)) | K30: =IF(A30="","",IF(I30="",0,I30)-IF(J30="",0,J30)) | L30: =IF(A30="","",IF(IF(J30="",0,J30)>=IF(C30="",0,C30),"KEEP","REVIEW"))
A32: Total annual fees: | D32: =SUMIF(A6:A30,"<>",C6:C30) -> 990
A33: Total points value: | D33: =SUM(H6:H30) -> 1950
A34: Total credits left on the table: | D34: =SUM(K6:K30) -> 164
A35: Your 5/24 count (cards opened last 24 mo): | D35: =COUNTIFS(E6:E30,">="&EDATE(TODAY(),-24),E6:E30,"<="&TODAY()) -> 1
