Workbook

Sheet Read Me
A1: How to use this template
A2: Start here — 2-minute setup.
A3: Travel & Finance · travelfinancetips.com — Educational only, not financial advice.
B5: Points & Miles Tracker
B6: Keep every points and miles balance in one place, get flagged before anything expires, and log redemptions so you can see your best cents-per-point.
B8: How to use it
B9: 1. 'Balances' tab: list each program (Amex MR, Chase UR, AA, Delta, Hilton, cashback, etc.), your balance, a rough value per point, and — if the program expires — the expiry date.
B10: 2. The Est. Value and an Expiry Risk flag calculate automatically. Anything expiring within 90 days shows '⏰ SOON'. Leave the Expires cell blank for points that don't expire.
B11: 3. 'Redemption Log' tab: every time you cash points in, log the points used and the cash value you got — it computes your cents-per-point so you learn your best redemptions.
B13: Tip: Amex MR and Chase UR usually don't expire while the account is open. Airline and hotel points often do.
B14: Works in Excel, Google Sheets and Numbers. Google Sheets: upload to Drive, then Open with → Google Sheets.

Sheet Summary
A1: Your Points at a Glance
A2: Updates as you fill in Balances and the Redemption Log.
A3: Travel & Finance · travelfinancetips.com
B5: Programs tracked | C5: =COUNTA(Balances!A6:A35) -> 4
B6: Total points & miles | C6: =SUM(Balances!C6:C35) -> 307500
B7: Estimated total value | C7: =SUM(Balances!E6:E35) -> 3107.5
B8: Balances expiring within 90 days | C8: =COUNTIF(Balances!G6:G35,"SOON") -> 1
B9: Redemptions logged | C9: =COUNT('Redemption Log'!C6:C35) -> 2
B10: Your average value per point | C10: =IF(SUM('Redemption Log'!C6:C35)=0,"—",SUMIF('Redemption Log'!C6:C35,">0",'Redemption Log'!D6:D35)/SUM('Redemption Log'!C6:C35)*100) -> 1.873913
B11: Best redemption (¢ per point) | C11: =IF(COUNT('Redemption Log'!E6:E35)=0,"—",MAX('Redemption Log'!E6:E35)) -> 1.9777778
B13: Green in the log = 1.5¢+ per point (a strong redemption). Red = under 1¢ (cash back would have beaten it).

Sheet Balances
A1: Points & Miles — Balances
A2: List every balance. Leave 'Expires' blank if it doesn't expire.
A3: Travel & Finance · travelfinancetips.com — Educational only, not financial advice.
A5: Program | B5: Type | C5: Balance | D5: Value per pt (¢) | E5: Est. Value ($) | F5: Expires | G5: Expiry Risk | H5: Last Activity | I5: Notes
A6: Amex Membership Rewards | B6: Transferable | C6: 120000 | D6: 1.1 | E6: =IF(A6="","",IF(OR(C6="",D6=""),0,C6*D6/100)) -> 1320 | G6: =IF(A6="","",IF(F6="","—",IF(F6<=TODAY()+90,"SOON","OK"))) -> — | H6: 46204 | I6: Transfer partner sweet spots
A7: Chase Ultimate Rewards | B7: Transferable | C7: 85000 | D7: 1.05 | E7: =IF(A7="","",IF(OR(C7="",D7=""),0,C7*D7/100)) -> 892.5 | G7: =IF(A7="","",IF(F7="","—",IF(F7<=TODAY()+90,"SOON","OK"))) -> — | H7: 46213
A8: American AAdvantage | B8: Airline | C8: 42500 | D8: 1.4 | E8: =IF(A8="","",IF(OR(C8="",D8=""),0,C8*D8/100)) -> 595 | F8: 46327 | G8: =IF(A8="","",IF(F8="","—",IF(F8<=TODAY()+90,"SOON","OK"))) -> SOON | H8: 46068 | I8: Keep active to avoid expiry
A9: Hilton Honors | B9: Hotel | C9: 60000 | D9: 0.5 | E9: =IF(A9="","",IF(OR(C9="",D9=""),0,C9*D9/100)) -> 300 | G9: =IF(A9="","",IF(F9="","—",IF(F9<=TODAY()+90,"SOON","OK"))) -> — | H9: 46193
E10: =IF(A10="","",IF(OR(C10="",D10=""),0,C10*D10/100)) | G10: =IF(A10="","",IF(F10="","—",IF(F10<=TODAY()+90,"SOON","OK")))
E11: =IF(A11="","",IF(OR(C11="",D11=""),0,C11*D11/100)) | G11: =IF(A11="","",IF(F11="","—",IF(F11<=TODAY()+90,"SOON","OK")))
E12: =IF(A12="","",IF(OR(C12="",D12=""),0,C12*D12/100)) | G12: =IF(A12="","",IF(F12="","—",IF(F12<=TODAY()+90,"SOON","OK")))
E13: =IF(A13="","",IF(OR(C13="",D13=""),0,C13*D13/100)) | G13: =IF(A13="","",IF(F13="","—",IF(F13<=TODAY()+90,"SOON","OK")))
E14: =IF(A14="","",IF(OR(C14="",D14=""),0,C14*D14/100)) | G14: =IF(A14="","",IF(F14="","—",IF(F14<=TODAY()+90,"SOON","OK")))
E15: =IF(A15="","",IF(OR(C15="",D15=""),0,C15*D15/100)) | G15: =IF(A15="","",IF(F15="","—",IF(F15<=TODAY()+90,"SOON","OK")))
E16: =IF(A16="","",IF(OR(C16="",D16=""),0,C16*D16/100)) | G16: =IF(A16="","",IF(F16="","—",IF(F16<=TODAY()+90,"SOON","OK")))
E17: =IF(A17="","",IF(OR(C17="",D17=""),0,C17*D17/100)) | G17: =IF(A17="","",IF(F17="","—",IF(F17<=TODAY()+90,"SOON","OK")))
E18: =IF(A18="","",IF(OR(C18="",D18=""),0,C18*D18/100)) | G18: =IF(A18="","",IF(F18="","—",IF(F18<=TODAY()+90,"SOON","OK")))
E19: =IF(A19="","",IF(OR(C19="",D19=""),0,C19*D19/100)) | G19: =IF(A19="","",IF(F19="","—",IF(F19<=TODAY()+90,"SOON","OK")))
E20: =IF(A20="","",IF(OR(C20="",D20=""),0,C20*D20/100)) | G20: =IF(A20="","",IF(F20="","—",IF(F20<=TODAY()+90,"SOON","OK")))
E21: =IF(A21="","",IF(OR(C21="",D21=""),0,C21*D21/100)) | G21: =IF(A21="","",IF(F21="","—",IF(F21<=TODAY()+90,"SOON","OK")))
... E35: =IF(A35="","",IF(OR(C35="",D35=""),0,C35*D35/100)) | G35: =IF(A35="","",IF(F35="","—",IF(F35<=TODAY()+90,"SOON","OK")))
A37: Total portfolio value: | D37: =SUM(E6:E35) -> 3107.5
A38: Balances expiring within 90 days: | D38: =COUNTIF(G6:G35,"SOON") -> 1

Sheet Redemption Log
A1: Redemption Log
A2: Log every redemption — cents-per-point calculates so you learn your best value.
A3: Travel & Finance · travelfinancetips.com — Educational only, not financial advice.
A5: Date | B5: Program | C5: Points Used | D5: Cash Value Received ($) | E5: Cents per pt | F5: What it was for
A6: 46083 | B6: Amex Membership Rewards | C6: 90000 | D6: 1780 | E6: =IF(OR(B6="",C6="",D6="",C6=0),"",D6/C6*100) -> 1.9777778 | F6: 2 biz-class seats to Europe
A7: 46160 | B7: Chase Ultimate Rewards | C7: 25000 | D7: 375 | E7: =IF(OR(B7="",C7="",D7="",C7=0),"",D7/C7*100) -> 1.5 | F7: Hyatt 2 nights
E8: =IF(OR(B8="",C8="",D8="",C8=0),"",D8/C8*100)
E9: =IF(OR(B9="",C9="",D9="",C9=0),"",D9/C9*100)
E10: =IF(OR(B10="",C10="",D10="",C10=0),"",D10/C10*100)
E11: =IF(OR(B11="",C11="",D11="",C11=0),"",D11/C11*100)
E12: =IF(OR(B12="",C12="",D12="",C12=0),"",D12/C12*100)
E13: =IF(OR(B13="",C13="",D13="",C13=0),"",D13/C13*100)
E14: =IF(OR(B14="",C14="",D14="",C14=0),"",D14/C14*100)
E15: =IF(OR(B15="",C15="",D15="",C15=0),"",D15/C15*100)
E16: =IF(OR(B16="",C16="",D16="",C16=0),"",D16/C16*100)
E17: =IF(OR(B17="",C17="",D17="",C17=0),"",D17/C17*100)
E18: =IF(OR(B18="",C18="",D18="",C18=0),"",D18/C18*100)
E19: =IF(OR(B19="",C19="",D19="",C19=0),"",D19/C19*100)
... E35: =IF(OR(B35="",C35="",D35="",C35=0),"",D35/C35*100)
