Workbook

Sheet Read Me
A1: Rewards Optimizer
A2: How to use this template
A3: Travel & Finance · travelfinancetips.com
B5: What this does
B6: Shows you the single best card to use for every spending category, and estimates the annual rewards you're leaving on the table—so you always pull the right card.
B7: How to use it (5 minutes)
B8: 1. Go to the 'Optimizer' tab. Name your cards in the green header cells (Card 1…Card 5).
B9: 2. For each spend category, enter each card's earn multiplier (e.g. 3 for 3x/3%).
B10: 3. Enter your typical MONTHLY spend per category in column B.
B11: 4. Set a default point value in the yellow cell (cash back = 1.0), then put each card's own value in row 6 (e.g. 1.5 for a transferable-points card). Leave a card blank to use the default. The sheet picks the Best Card by what each dollar is actually worth, not the raw multiplier.
B12: Cents-per-point: cashback = 1.0. Transferable points redeemed for travel are often 1.5–2.0. Use a conservative number you can actually achieve.
B13: Read the results
B14: 'Best Card' = which card to swipe for that category, judged by multiplier × that card's point value. 'Annual $ Value' = what that category earns you per year at your spend.
B15: Educational tool, not financial advice. Multipliers change—verify current earn rates. © Travel & Finance · travelfinancetips.com

Sheet Summary
A1: Which Card for What
A2: Updates as you fill in the Optimizer tab.
A3: Travel & Finance · travelfinancetips.com
B5: Estimated rewards per year | C5: =Optimizer!K23 -> 1938
B6: Monthly spend entered | C6: =SUM(Optimizer!B8:B22) -> 3280
B7: Effective return on spend | C7: =IF(SUM(Optimizer!B8:B22)=0,"—",Optimizer!K23/(SUM(Optimizer!B8:B22)*12)) -> 0.049237805
B8: ="Categories won by "&Optimizer!C7 -> Categories won by Card 1 | C8: =COUNTIF(Optimizer!H8:H22,Optimizer!C7) -> 5
B9: ="Categories won by "&Optimizer!D7 -> Categories won by Card 2 | C9: =COUNTIF(Optimizer!H8:H22,Optimizer!D7) -> 2
B10: ="Categories won by "&Optimizer!E7 -> Categories won by Card 3 | C10: =COUNTIF(Optimizer!H8:H22,Optimizer!E7) -> 0
B11: ="Categories won by "&Optimizer!F7 -> Categories won by Card 4 | C11: =COUNTIF(Optimizer!H8:H22,Optimizer!F7) -> 2
B12: ="Categories won by "&Optimizer!G7 -> Categories won by Card 5 | C12: =COUNTIF(Optimizer!H8:H22,Optimizer!G7) -> 1
B14: Rename Card 1-5 on the Optimizer tab and these rows follow. Green = the card to use for that category.

Sheet Optimizer
A1: Rewards Optimizer
A2: Always know the best card for every dollar you spend.
A3: Travel & Finance · travelfinancetips.com
A5: Default point value (¢ per point): | C5: 1 | D5: ← used for any card left blank in row 6. Cash back = 1.0
A6: This card's point value (¢): | C6: 1.5 | D6: 1.5 | E6: 1 | F6: 1
A7: Spend Category | B7: Monthly Spend $ | C7: Card 1 | D7: Card 2 | E7: Card 3 | F7: Card 4 | G7: Card 5 | H7: Best Card | I7: Best ¢ per $1 | J7: Monthly Value $ | K7: Annual $ Value
A8: Dining / Restaurants | B8: 500 | C8: 4 | D8: 3 | E8: 1 | F8: 1 | G8: 2 | H8: =IF(I8=0,"—",IF(C8*IF(C$6="",$C$5,C$6)=I8,$C$7,IF(D8*IF(D$6="",$C$5,D$6)=I8,$D$7,IF(E8*IF(E$6="",$C$5,E$6)=I8,$E$7,IF(F8*IF(F$6="",$C$5,F$6)=I8,$F$7,$G$7))))) -> Card 1 | I8: =MAX(C8*IF(C$6="",$C$5,C$6),D8*IF(D$6="",$C$5,D$6),E8*IF(E$6="",$C$5,E$6),F8*IF(F$6="",$C$5,F$6),G8*IF(G$6="",$C$5,G$6)) -> 6 | J8: =B8*I8/100 -> 30 | K8: =J8*12 -> 360
A9: Groceries (US supermarkets) | B9: 600 | C9: 1 | D9: 4 | E9: 3 | F9: 1 | G9: 1 | H9: =IF(I9=0,"—",IF(C9*IF(C$6="",$C$5,C$6)=I9,$C$7,IF(D9*IF(D$6="",$C$5,D$6)=I9,$D$7,IF(E9*IF(E$6="",$C$5,E$6)=I9,$E$7,IF(F9*IF(F$6="",$C$5,F$6)=I9,$F$7,$G$7))))) -> Card 2 | I9: =MAX(C9*IF(C$6="",$C$5,C$6),D9*IF(D$6="",$C$5,D$6),E9*IF(E$6="",$C$5,E$6),F9*IF(F$6="",$C$5,F$6),G9*IF(G$6="",$C$5,G$6)) -> 6 | J9: =B9*I9/100 -> 36 | K9: =J9*12 -> 432
A10: Gas / EV charging | B10: 200 | C10: 1 | D10: 1 | E10: 2 | F10: 3 | G10: 1 | H10: =IF(I10=0,"—",IF(C10*IF(C$6="",$C$5,C$6)=I10,$C$7,IF(D10*IF(D$6="",$C$5,D$6)=I10,$D$7,IF(E10*IF(E$6="",$C$5,E$6)=I10,$E$7,IF(F10*IF(F$6="",$C$5,F$6)=I10,$F$7,$G$7))))) -> Card 4 | I10: =MAX(C10*IF(C$6="",$C$5,C$6),D10*IF(D$6="",$C$5,D$6),E10*IF(E$6="",$C$5,E$6),F10*IF(F$6="",$C$5,F$6),G10*IF(G$6="",$C$5,G$6)) -> 3 | J10: =B10*I10/100 -> 6 | K10: =J10*12 -> 72
A11: Flights (booked direct) | B11: 300 | C11: 5 | D11: 3 | E11: 1 | F11: 1 | G11: 2 | H11: =IF(I11=0,"—",IF(C11*IF(C$6="",$C$5,C$6)=I11,$C$7,IF(D11*IF(D$6="",$C$5,D$6)=I11,$D$7,IF(E11*IF(E$6="",$C$5,E$6)=I11,$E$7,IF(F11*IF(F$6="",$C$5,F$6)=I11,$F$7,$G$7))))) -> Card 1 | I11: =MAX(C11*IF(C$6="",$C$5,C$6),D11*IF(D$6="",$C$5,D$6),E11*IF(E$6="",$C$5,E$6),F11*IF(F$6="",$C$5,F$6),G11*IF(G$6="",$C$5,G$6)) -> 7.5 | J11: =B11*I11/100 -> 22.5 | K11: =J11*12 -> 270
A12: Hotels / Lodging | B12: 250 | C12: 5 | D12: 3 | E12: 1 | F12: 1 | G12: 1 | H12: =IF(I12=0,"—",IF(C12*IF(C$6="",$C$5,C$6)=I12,$C$7,IF(D12*IF(D$6="",$C$5,D$6)=I12,$D$7,IF(E12*IF(E$6="",$C$5,E$6)=I12,$E$7,IF(F12*IF(F$6="",$C$5,F$6)=I12,$F$7,$G$7))))) -> Card 1 | I12: =MAX(C12*IF(C$6="",$C$5,C$6),D12*IF(D$6="",$C$5,D$6),E12*IF(E$6="",$C$5,E$6),F12*IF(F$6="",$C$5,F$6),G12*IF(G$6="",$C$5,G$6)) -> 7.5 | J12: =B12*I12/100 -> 18.75 | K12: =J12*12 -> 225
A13: Travel via portal | B13: 150 | C13: 1 | D13: 5 | E13: 1 | F13: 1 | G13: 3 | H13: =IF(I13=0,"—",IF(C13*IF(C$6="",$C$5,C$6)=I13,$C$7,IF(D13*IF(D$6="",$C$5,D$6)=I13,$D$7,IF(E13*IF(E$6="",$C$5,E$6)=I13,$E$7,IF(F13*IF(F$6="",$C$5,F$6)=I13,$F$7,$G$7))))) -> Card 2 | I13: =MAX(C13*IF(C$6="",$C$5,C$6),D13*IF(D$6="",$C$5,D$6),E13*IF(E$6="",$C$5,E$6),F13*IF(F$6="",$C$5,F$6),G13*IF(G$6="",$C$5,G$6)) -> 7.5 | J13: =B13*I13/100 -> 11.25 | K13: =J13*12 -> 135
A14: Transit / Rideshare | B14: 120 | C14: 3 | D14: 3 | E14: 1 | F14: 1 | G14: 1 | H14: =IF(I14=0,"—",IF(C14*IF(C$6="",$C$5,C$6)=I14,$C$7,IF(D14*IF(D$6="",$C$5,D$6)=I14,$D$7,IF(E14*IF(E$6="",$C$5,E$6)=I14,$E$7,IF(F14*IF(F$6="",$C$5,F$6)=I14,$F$7,$G$7))))) -> Card 1 | I14: =MAX(C14*IF(C$6="",$C$5,C$6),D14*IF(D$6="",$C$5,D$6),E14*IF(E$6="",$C$5,E$6),F14*IF(F$6="",$C$5,F$6),G14*IF(G$6="",$C$5,G$6)) -> 4.5 | J14: =B14*I14/100 -> 5.4 | K14: =J14*12 -> 64.8
A15: Online retail | B15: 300 | C15: 1 | D15: 1 | E15: 2 | F15: 1 | G15: 4 | H15: =IF(I15=0,"—",IF(C15*IF(C$6="",$C$5,C$6)=I15,$C$7,IF(D15*IF(D$6="",$C$5,D$6)=I15,$D$7,IF(E15*IF(E$6="",$C$5,E$6)=I15,$E$7,IF(F15*IF(F$6="",$C$5,F$6)=I15,$F$7,$G$7))))) -> Card 5 | I15: =MAX(C15*IF(C$6="",$C$5,C$6),D15*IF(D$6="",$C$5,D$6),E15*IF(E$6="",$C$5,E$6),F15*IF(F$6="",$C$5,F$6),G15*IF(G$6="",$C$5,G$6)) -> 4 | J15: =B15*I15/100 -> 12 | K15: =J15*12 -> 144
A16: Streaming / Subscriptions | B16: 60 | C16: 4 | D16: 1 | E16: 1 | F16: 1 | G16: 1 | H16: =IF(I16=0,"—",IF(C16*IF(C$6="",$C$5,C$6)=I16,$C$7,IF(D16*IF(D$6="",$C$5,D$6)=I16,$D$7,IF(E16*IF(E$6="",$C$5,E$6)=I16,$E$7,IF(F16*IF(F$6="",$C$5,F$6)=I16,$F$7,$G$7))))) -> Card 1 | I16: =MAX(C16*IF(C$6="",$C$5,C$6),D16*IF(D$6="",$C$5,D$6),E16*IF(E$6="",$C$5,E$6),F16*IF(F$6="",$C$5,F$6),G16*IF(G$6="",$C$5,G$6)) -> 6 | J16: =B16*I16/100 -> 3.6 | K16: =J16*12 -> 43.2
A17: Everything else | B17: 800 | C17: 1 | D17: 1 | E17: 1 | F17: 2 | G17: 1.5 | H17: =IF(I17=0,"—",IF(C17*IF(C$6="",$C$5,C$6)=I17,$C$7,IF(D17*IF(D$6="",$C$5,D$6)=I17,$D$7,IF(E17*IF(E$6="",$C$5,E$6)=I17,$E$7,IF(F17*IF(F$6="",$C$5,F$6)=I17,$F$7,$G$7))))) -> Card 4 | I17: =MAX(C17*IF(C$6="",$C$5,C$6),D17*IF(D$6="",$C$5,D$6),E17*IF(E$6="",$C$5,E$6),F17*IF(F$6="",$C$5,F$6),G17*IF(G$6="",$C$5,G$6)) -> 2 | J17: =B17*I17/100 -> 16 | K17: =J17*12 -> 192
H18: =IF(A18="","",IF(I18=0,"—",IF(C18*IF(C$6="",$C$5,C$6)=I18,$C$7,IF(D18*IF(D$6="",$C$5,D$6)=I18,$D$7,IF(E18*IF(E$6="",$C$5,E$6)=I18,$E$7,IF(F18*IF(F$6="",$C$5,F$6)=I18,$F$7,$G$7)))))) | I18: =IF(A18="","",MAX(C18*IF(C$6="",$C$5,C$6),D18*IF(D$6="",$C$5,D$6),E18*IF(E$6="",$C$5,E$6),F18*IF(F$6="",$C$5,F$6),G18*IF(G$6="",$C$5,G$6))) | J18: =IF(A18="","",B18*I18/100) | K18: =IF(A18="","",J18*12)
H19: =IF(A19="","",IF(I19=0,"—",IF(C19*IF(C$6="",$C$5,C$6)=I19,$C$7,IF(D19*IF(D$6="",$C$5,D$6)=I19,$D$7,IF(E19*IF(E$6="",$C$5,E$6)=I19,$E$7,IF(F19*IF(F$6="",$C$5,F$6)=I19,$F$7,$G$7)))))) | I19: =IF(A19="","",MAX(C19*IF(C$6="",$C$5,C$6),D19*IF(D$6="",$C$5,D$6),E19*IF(E$6="",$C$5,E$6),F19*IF(F$6="",$C$5,F$6),G19*IF(G$6="",$C$5,G$6))) | J19: =IF(A19="","",B19*I19/100) | K19: =IF(A19="","",J19*12)
H20: =IF(A20="","",IF(I20=0,"—",IF(C20*IF(C$6="",$C$5,C$6)=I20,$C$7,IF(D20*IF(D$6="",$C$5,D$6)=I20,$D$7,IF(E20*IF(E$6="",$C$5,E$6)=I20,$E$7,IF(F20*IF(F$6="",$C$5,F$6)=I20,$F$7,$G$7)))))) | I20: =IF(A20="","",MAX(C20*IF(C$6="",$C$5,C$6),D20*IF(D$6="",$C$5,D$6),E20*IF(E$6="",$C$5,E$6),F20*IF(F$6="",$C$5,F$6),G20*IF(G$6="",$C$5,G$6))) | J20: =IF(A20="","",B20*I20/100) | K20: =IF(A20="","",J20*12)
H21: =IF(A21="","",IF(I21=0,"—",IF(C21*IF(C$6="",$C$5,C$6)=I21,$C$7,IF(D21*IF(D$6="",$C$5,D$6)=I21,$D$7,IF(E21*IF(E$6="",$C$5,E$6)=I21,$E$7,IF(F21*IF(F$6="",$C$5,F$6)=I21,$F$7,$G$7)))))) | I21: =IF(A21="","",MAX(C21*IF(C$6="",$C$5,C$6),D21*IF(D$6="",$C$5,D$6),E21*IF(E$6="",$C$5,E$6),F21*IF(F$6="",$C$5,F$6),G21*IF(G$6="",$C$5,G$6))) | J21: =IF(A21="","",B21*I21/100) | K21: =IF(A21="","",J21*12)
H22: =IF(A22="","",IF(I22=0,"—",IF(C22*IF(C$6="",$C$5,C$6)=I22,$C$7,IF(D22*IF(D$6="",$C$5,D$6)=I22,$D$7,IF(E22*IF(E$6="",$C$5,E$6)=I22,$E$7,IF(F22*IF(F$6="",$C$5,F$6)=I22,$F$7,$G$7)))))) | I22: =IF(A22="","",MAX(C22*IF(C$6="",$C$5,C$6),D22*IF(D$6="",$C$5,D$6),E22*IF(E$6="",$C$5,E$6),F22*IF(F$6="",$C$5,F$6),G22*IF(G$6="",$C$5,G$6))) | J22: =IF(A22="","",B22*I22/100) | K22: =IF(A22="","",J22*12)
A23: ESTIMATED ANNUAL REWARDS | K23: =SUM(K8:K22) -> 1938
